<?xml version="1.0" encoding="UTF-8"?>
<ModelAnimator version="0.1">
	<model name="">
        <phase name="global" rotation="1,0,0,0" offset="0,0,0" scale="0.65"/>
        <metadata headAxis="1" headCap="-40,40"/>
        <phase name="quadWalk" leftHind="leg2" rightHind="leg1" leftFront="leg4" rightFront="leg3" duration="10"/>        
        <customTex default="Bulbasaur">
            <forme name="Bulbasaur Red" tex="Bulbasaur Red"/>
            <forme name="Bulbasaur Blue" tex="Bulbasaur Blue"/>
            <forme name="Bulbasaur Yellow" tex="Bulbasaur Yellow"/>
        </customTex> 
	</model>
    <details>
        <RIDDENOFFSET>0.8</RIDDENOFFSET>
    </details>
</ModelAnimator>


