
<Document>
    <Pokemon base="true" name="Cube" number="1010">
        <STATS>
            <CAPTURERATE>45</CAPTURERATE>
            <SPECIES>Plant Frog</SPECIES>
            <MOVEMENTTYPE>normal</MOVEMENTTYPE>
            <MASSKG>6.9</MASSKG>
            <Evolution Name="BigCube" Level="16"/>
            <EXPYIELD>64</EXPYIELD>
            <COMMONDROP>1:wheat_seeds</COMMONDROP>
            <FOODMATERIAL>light</FOODMATERIAL>
            <BASEFRIENDSHIP>70</BASEFRIENDSHIP>
            <LOGIC shoulder="FALSE"/>
            <EXPERIENCEMODE>Medium Slow</EXPERIENCEMODE>
            <GENDERRATIO>31</GENDERRATIO>
            <BIOMESANYACCEPTABLE>forest 0.01</BIOMESANYACCEPTABLE>
            <SPECIALCASES>starter day night</SPECIALCASES>
            <BASESTATS atk="49" def="49" hp="45" spatk="65" spd="45" spdef="65"/>
            <EVYIELD spatk="1"/>
            <SIZES height="0.5" length="0.5" width="0.5"/>
            <TYPE type1="Grass" type2="Poison"/>
            <ABILITY hidden="Chlorophyll" normal="Overgrow"/>
        </STATS>
        <MOVES>
            <MISC moves="TOXIC, VENOSHOCK, HIDDENPOWER, SUNNYDAY, LIGHTSCREEN, PROTECT, SAFEGUARD, FRUSTRATION, SOLARBEAM, RETURN, DOUBLETEAM, SLUDGEBOMB, FACADE, REST, ATTRACT, ROUND, ECHOEDVOICE, ENERGYBALL, FLASH, SWORDSDANCE, GRASSKNOT, SWAGGER, SLEEPTALK, SUBSTITUTE, ROCKSMASH, SECRETPOWER, NATUREPOWER, CONFIDE, CUT, STRENGTH, AMNESIA, CHARM, CURSE, ENDURE, GIGADRAIN, GRASSWHISTLE, GRASSYTERRAIN, INGRAIN, LEAFSTORM, MAGICALLEAF, PETALDANCE, POWERWHIP, SKULLBASH, SLUDGE"/>
            <LVLUP lvl_1="TACKLE" lvl_13="POISONPOWDER, SLEEPPOWDER"
                lvl_15="TAKEDOWN" lvl_19="RAZORLEAF" lvl_21="SWEETSCENT"
                lvl_25="GROWTH" lvl_27="DOUBLEEDGE" lvl_3="GROWL"
                lvl_31="WORRYSEED" lvl_33="SYNTHESIS" lvl_37="SEEDBOMB"
                lvl_7="LEECHSEED" lvl_9="VINEWHIP"/>
        </MOVES>
    </Pokemon>
    <Pokemon base="true" name="Bigcube" number="1011">
        <STATS>
            <CAPTURERATE>45</CAPTURERATE>
            <SPECIES>Plant Frog</SPECIES>
            <MOVEMENTTYPE>normal</MOVEMENTTYPE>
            <MASSKG>6.9</MASSKG>
            <EXPYIELD>64</EXPYIELD>
            <COMMONDROP>1:wheat_seeds</COMMONDROP>
            <FOODMATERIAL>light</FOODMATERIAL>
            <BASEFRIENDSHIP>70</BASEFRIENDSHIP>
            <LOGIC shoulder="FALSE"/>
            <EXPERIENCEMODE>Medium Slow</EXPERIENCEMODE>
            <GENDERRATIO>31</GENDERRATIO>
            <BIOMESANYACCEPTABLE>forest 0.01</BIOMESANYACCEPTABLE>
            <SPECIALCASES>starter day night</SPECIALCASES>
            <BASESTATS atk="149" def="49" hp="45" spatk="65" spd="45" spdef="65"/>
            <EVYIELD spatk="1"/>
            <SIZES height="2.5" length="2.5" width="2.5"/>
            <TYPE type1="Grass" type2="Poison"/>
            <ABILITY hidden="Chlorophyll" normal="Overgrow"/>
        </STATS>
        <MOVES>
            <MISC moves="TOXIC, VENOSHOCK, HIDDENPOWER, SUNNYDAY, LIGHTSCREEN, PROTECT, SAFEGUARD, FRUSTRATION, SOLARBEAM, RETURN, DOUBLETEAM, SLUDGEBOMB, FACADE, REST, ATTRACT, ROUND, ECHOEDVOICE, ENERGYBALL, FLASH, SWORDSDANCE, GRASSKNOT, SWAGGER, SLEEPTALK, SUBSTITUTE, ROCKSMASH, SECRETPOWER, NATUREPOWER, CONFIDE, CUT, STRENGTH, AMNESIA, CHARM, CURSE, ENDURE, GIGADRAIN, GRASSWHISTLE, GRASSYTERRAIN, INGRAIN, LEAFSTORM, MAGICALLEAF, PETALDANCE, POWERWHIP, SKULLBASH, SLUDGE"/>
            <LVLUP lvl_1="TACKLE" lvl_13="POISONPOWDER, SLEEPPOWDER"
                lvl_15="TAKEDOWN" lvl_19="RAZORLEAF" lvl_21="SWEETSCENT"
                lvl_25="GROWTH" lvl_27="DOUBLEEDGE" lvl_3="GROWL"
                lvl_31="WORRYSEED" lvl_33="SYNTHESIS" lvl_37="SEEDBOMB"
                lvl_7="LEECHSEED" lvl_9="VINEWHIP"/>
        </MOVES>
    </Pokemon>
</Document>