{
  "pokemon": [
    {
      "name": "Bulbasaur Red",
      "number": 1,
      "stats": {
        "types": {
          "values": {
            "type2": "Fire",
            "type1": "Grass"
          }
        }
      }
    },
    {
      "name": "Bulbasaur Yellow",
      "number": 1,
      "stats": {
        "types": {
          "values": {
            "type2": "Electric",
            "type1": "Grass"
          }
        }
      }
    },
    {
      "name": "Bulbasaur Blue",
      "number": 1,
      "stats": {
        "types": {
          "values": {
            "type2": "Water",
            "type1": "Grass"
          }
        }
      }
    }
  ]
}